{
  "task": "Stage Classification (sliding window)",
  "n_windows": 2431,
  "accuracy": 0.8754,
  "macro_f1": 0.8563,
  "weighted_f1": 0.8746,
  "kappa": 0.8037,
  "mcc": 0.8087,
  "per_class_report": {
    "stage_01": {
      "precision": 0.9698660714285714,
      "recall": 0.8494623655913979,
      "f1-score": 0.9056800416883793,
      "support": 1023.0
    },
    "stage_02": {
      "precision": 0.8249097472924187,
      "recall": 0.9733759318423855,
      "f1-score": 0.8930141670737665,
      "support": 939.0
    },
    "stage_03": {
      "precision": 0.8079625292740047,
      "recall": 0.7356076759061834,
      "f1-score": 0.7700892857142857,
      "support": 469.0
    },
    "accuracy": 0.8753599341834636,
    "macro avg": {
      "precision": 0.867579449331665,
      "recall": 0.8528153244466555,
      "f1-score": 0.8562611648254772,
      "support": 2431.0
    },
    "weighted avg": {
      "precision": 0.8826399300734339,
      "recall": 0.8753599341834636,
      "f1-score": 0.8746289019043515,
      "support": 2431.0
    }
  },
  "confusion_matrix": [
    [
      869,
      78,
      76
    ],
    [
      19,
      914,
      6
    ],
    [
      8,
      116,
      345
    ]
  ],
  "confusion_matrix_norm": [
    [
      0.8495,
      0.0762,
      0.0743
    ],
    [
      0.0202,
      0.9734,
      0.0064
    ],
    [
      0.0171,
      0.2473,
      0.7356
    ]
  ],
  "label_order": [
    "stage_01",
    "stage_02",
    "stage_03"
  ],
  "n_classes": 3
}