{
  "task": "Step Classification (sliding window)",
  "n_windows": 2431,
  "accuracy": 0.5533,
  "macro_f1": 0.4126,
  "weighted_f1": 0.4826,
  "kappa": 0.5065,
  "mcc": 0.5121,
  "per_class_report": {
    "step_001": {
      "precision": 0.34765625,
      "recall": 0.664179104477612,
      "f1-score": 0.4564102564102564,
      "support": 134.0
    },
    "step_002": {
      "precision": 0.20512820512820512,
      "recall": 0.17204301075268819,
      "f1-score": 0.1871345029239766,
      "support": 93.0
    },
    "step_003": {
      "precision": 0.296875,
      "recall": 0.4222222222222222,
      "f1-score": 0.3486238532110092,
      "support": 90.0
    },
    "step_004": {
      "precision": 0.8773584905660378,
      "recall": 0.30194805194805197,
      "f1-score": 0.4492753623188406,
      "support": 308.0
    },
    "step_005": {
      "precision": 0.676056338028169,
      "recall": 0.8622754491017964,
      "f1-score": 0.7578947368421053,
      "support": 334.0
    },
    "step_006": {
      "precision": 0.4,
      "recall": 0.6056338028169014,
      "f1-score": 0.48179271708683474,
      "support": 142.0
    },
    "step_007": {
      "precision": 0.29411764705882354,
      "recall": 0.06493506493506493,
      "f1-score": 0.10638297872340426,
      "support": 77.0
    },
    "step_008": {
      "precision": 0.36363636363636365,
      "recall": 0.3516483516483517,
      "f1-score": 0.3575418994413408,
      "support": 91.0
    },
    "step_009": {
      "precision": 0.5370370370370371,
      "recall": 0.2230769230769231,
      "f1-score": 0.31521739130434784,
      "support": 130.0
    },
    "step_010": {
      "precision": 0.46254071661237783,
      "recall": 0.8606060606060606,
      "f1-score": 0.6016949152542372,
      "support": 165.0
    },
    "step_011": {
      "precision": 0.5563380281690141,
      "recall": 0.39303482587064675,
      "f1-score": 0.4606413994169096,
      "support": 201.0
    },
    "step_012": {
      "precision": 0.2692307692307692,
      "recall": 0.208955223880597,
      "f1-score": 0.23529411764705882,
      "support": 67.0
    },
    "step_013": {
      "precision": 0.8623853211009175,
      "recall": 0.46766169154228854,
      "f1-score": 0.6064516129032258,
      "support": 201.0
    },
    "micro avg": {
      "precision": 0.5080889787664308,
      "recall": 0.49434333497294636,
      "f1-score": 0.5011219147344802,
      "support": 2033.0
    },
    "macro avg": {
      "precision": 0.47295078204367036,
      "recall": 0.4306322909907081,
      "f1-score": 0.41264274949873436,
      "support": 2033.0
    },
    "weighted avg": {
      "precision": 0.5658065412123388,
      "recall": 0.49434333497294636,
      "f1-score": 0.48258877270131345,
      "support": 2033.0
    }
  },
  "confusion_matrix": [
    [
      89,
      10,
      4,
      2,
      0,
      0,
      0,
      0,
      0,
      0,
      0,
      0,
      0
    ],
    [
      51,
      16,
      13,
      0,
      0,
      0,
      0,
      0,
      0,
      0,
      0,
      0,
      0
    ],
    [
      28,
      17,
      38,
      1,
      0,
      0,
      0,
      0,
      0,
      0,
      0,
      0,
      0
    ],
    [
      42,
      14,
      70,
      93,
      51,
      2,
      0,
      0,
      0,
      1,
      0,
      0,
      0
    ],
    [
      1,
      1,
      1,
      4,
      288,
      31,
      0,
      0,
      0,
      3,
      0,
      0,
      0
    ],
    [
      0,
      0,
      1,
      6,
      43,
      86,
      1,
      3,
      0,
      1,
      0,
      0,
      0
    ],
    [
      0,
      0,
      0,
      0,
      11,
      42,
      5,
      17,
      1,
      1,
      0,
      0,
      0
    ],
    [
      0,
      0,
      0,
      0,
      18,
      27,
      6,
      32,
      4,
      2,
      2,
      0,
      0
    ],
    [
      0,
      0,
      0,
      0,
      10,
      20,
      2,
      29,
      29,
      40,
      0,
      0,
      0
    ],
    [
      0,
      0,
      0,
      0,
      0,
      2,
      2,
      1,
      16,
      142,
      2,
      0,
      0
    ],
    [
      0,
      3,
      0,
      0,
      2,
      2,
      1,
      4,
      4,
      101,
      79,
      3,
      1
    ],
    [
      0,
      2,
      0,
      0,
      1,
      1,
      0,
      2,
      0,
      8,
      25,
      14,
      10
    ],
    [
      2,
      5,
      0,
      0,
      2,
      2,
      0,
      0,
      0,
      8,
      34,
      35,
      94
    ]
  ],
  "confusion_matrix_norm": [
    [
      0.8476,
      0.0952,
      0.0381,
      0.019,
      0.0,
      0.0,
      0.0,
      0.0,
      0.0,
      0.0,
      0.0,
      0.0,
      0.0
    ],
    [
      0.6375,
      0.2,
      0.1625,
      0.0,
      0.0,
      0.0,
      0.0,
      0.0,
      0.0,
      0.0,
      0.0,
      0.0,
      0.0
    ],
    [
      0.3333,
      0.2024,
      0.4524,
      0.0119,
      0.0,
      0.0,
      0.0,
      0.0,
      0.0,
      0.0,
      0.0,
      0.0,
      0.0
    ],
    [
      0.1538,
      0.0513,
      0.2564,
      0.3407,
      0.1868,
      0.0073,
      0.0,
      0.0,
      0.0,
      0.0037,
      0.0,
      0.0,
      0.0
    ],
    [
      0.003,
      0.003,
      0.003,
      0.0122,
      0.8754,
      0.0942,
      0.0,
      0.0,
      0.0,
      0.0091,
      0.0,
      0.0,
      0.0
    ],
    [
      0.0,
      0.0,
      0.0071,
      0.0426,
      0.305,
      0.6099,
      0.0071,
      0.0213,
      0.0,
      0.0071,
      0.0,
      0.0,
      0.0
    ],
    [
      0.0,
      0.0,
      0.0,
      0.0,
      0.1429,
      0.5455,
      0.0649,
      0.2208,
      0.013,
      0.013,
      0.0,
      0.0,
      0.0
    ],
    [
      0.0,
      0.0,
      0.0,
      0.0,
      0.1978,
      0.2967,
      0.0659,
      0.3516,
      0.044,
      0.022,
      0.022,
      0.0,
      0.0
    ],
    [
      0.0,
      0.0,
      0.0,
      0.0,
      0.0769,
      0.1538,
      0.0154,
      0.2231,
      0.2231,
      0.3077,
      0.0,
      0.0,
      0.0
    ],
    [
      0.0,
      0.0,
      0.0,
      0.0,
      0.0,
      0.0121,
      0.0121,
      0.0061,
      0.097,
      0.8606,
      0.0121,
      0.0,
      0.0
    ],
    [
      0.0,
      0.015,
      0.0,
      0.0,
      0.01,
      0.01,
      0.005,
      0.02,
      0.02,
      0.505,
      0.395,
      0.015,
      0.005
    ],
    [
      0.0,
      0.0317,
      0.0,
      0.0,
      0.0159,
      0.0159,
      0.0,
      0.0317,
      0.0,
      0.127,
      0.3968,
      0.2222,
      0.1587
    ],
    [
      0.011,
      0.0275,
      0.0,
      0.0,
      0.011,
      0.011,
      0.0,
      0.0,
      0.0,
      0.044,
      0.1868,
      0.1923,
      0.5165
    ]
  ],
  "label_order": [
    "step_001",
    "step_002",
    "step_003",
    "step_004",
    "step_005",
    "step_006",
    "step_007",
    "step_008",
    "step_009",
    "step_010",
    "step_011",
    "step_012",
    "step_013"
  ],
  "n_classes": 13
}